{"cameraMode":{"drawMode":0,"name":"Shaded","section":"Shading Mode"},"sceneLighting":false,"audioPlay":false,"sceneViewState":{"m_AlwaysRefresh":false,"showFog":true,"showSkybox":true,"showFlares":true,"showImageEffects":true,"showParticleSystems":true,"showVisualEffectGraphs":true,"m_FxEnabled":false},"in2DMode":false,"pivot":{"x":1.8569434881210328,"y":0.88849937915802,"z":-0.24110949039459229},"rotation":{"x":-0.001516898162662983,"y":0.9961662888526917,"z":-0.08569104224443436,"w":-0.017632752656936647},"size":1.6784181594848633,"orthographic":false}